date,amount,description,category,Account,Is_Recurring
12/28/2025,-66.78,AMAZON MKTPL*FO79D17O3,Amazon,,False
12/28/2025,-4.99,Prime Video Channels,Subscriptions/Streaming,,False
12/26/2025,-22.99,GOOGLE *YouTubePremium,Subscriptions/Streaming,,False
12/28/2025,-82.99,GOOGLE *YouTube TV,Subscriptions/Streaming,,False
12/25/2025,-7.99,GOOGLE *Crunchyroll,Subscriptions/Streaming,,False
12/23/2025,-58.44,AMAZON MKTPL*GT4E65733,Amazon,,False
12/22/2025,-24.51,AMAZON MKTPL*905YJ9IB3,Amazon,,False
12/22/2025,-25.95,AMAZON MKTPL*029YD8LD3,Amazon,,False
12/20/2025,1269.76,Payment Thank You-Mobile,Automotive/Gas,,False
12/21/2025,-26.65,NETFLIX.COM,Subscriptions/Streaming,,False
12/18/2025,-22.99,GOOGLE *HBO Max Stream,Subscriptions/Streaming,,False
12/16/2025,-40.59,SP THE RIVIAN SHOP,Uncategorized,,False
12/16/2025,-23.8,AMAZON MKTPL*WC12U5323,Amazon,,False
12/17/2025,-0.99,Audible*3T67X3M53,Subscriptions/Streaming,,False
12/16/2025,-16.23,AMAZON PRIME*7V3BK5GS3,Amazon,,False
12/15/2025,-1.99,GOOGLE *Google One,Subscriptions/Streaming,,False
12/11/2025,-3.23,RIVIAN CAFE,Dining/Restaurants,,False
12/10/2025,-1.62,RIVIAN CAFE,Dining/Restaurants,,False
12/10/2025,-20.25,HLU*HULUPLUS,Subscriptions/Streaming,,False
12/09/2025,-10.99,Peacock 2203C Premium,Subscriptions/Streaming,,False
12/09/2025,35.9,AUTOMATIC PAYMENT - THANK,Uncategorized,,False
12/07/2025,-13.0,Disney Plus,Subscriptions/Streaming,,False
12/04/2025,-12.39,RIVIAN CAFE,Dining/Restaurants,,False
12/04/2025,-13.54,Audible*BI4HA1BJ2,Subscriptions/Streaming,,False
12/03/2025,-37.88,AMAZON MKTPL*BB2A87YK1,Amazon,,False
12/03/2025,-72.26,AMAZON MKTPL*BB4S49DJ0,Amazon,,False
11/28/2025,-4.99,Prime Video Channels,Subscriptions/Streaming,,False
11/28/2025,-30.84,AMAZON MKTPL*BB1PS93H2,Amazon,,False
11/27/2025,-118.05,TST*CAFE MADELEINE NORTH,Dining/Restaurants,,False
11/28/2025,-82.99,GOOGLE *YouTube TV,Subscriptions/Streaming,,False
11/26/2025,-22.99,GOOGLE *YouTubePremium,Subscriptions/Streaming,,False
11/25/2025,-12.39,RIVIAN CAFE,Dining/Restaurants,,False
11/26/2025,-12.87,AMAZON MKTPL*B20P06S81,Amazon,,False
11/24/2025,-11.15,RIVIAN CAFE,Dining/Restaurants,,False
11/24/2025,-18.59,SK'S DONUTS (NEW),Uncategorized,,False
11/25/2025,-7.99,GOOGLE *Crunchyroll,Subscriptions/Streaming,,False
11/24/2025,-27.59,Amazon.com*B26EK7AV1,Amazon,,False
11/24/2025,-29.99,STEAMGAMES.COM 4259522985,Entertainment,,False
11/21/2025,-26.65,Netflix.com,Subscriptions/Streaming,,False
11/22/2025,-19.43,Amazon.com*B00269KW2,Amazon,,False
11/20/2025,-8.62,RIVIAN CAFE,Dining/Restaurants,,False
11/22/2025,-138.21,AMAZON MKTPL*B02FZ0610,Amazon,,False
11/20/2025,-64.74,AMAZON MKTPL*B01760HL1,Amazon,,False
11/19/2025,-3.23,RIVIAN CAFE,Dining/Restaurants,,False
11/18/2025,-20.99,GOOGLE *HBO Max Stream,Subscriptions/Streaming,,False
11/17/2025,-9.99,WL *Steam Purchase,Entertainment,,False
11/16/2025,-79.29,SQ *VIGILANTE COFFEE,Dining/Restaurants,,False
11/16/2025,-16.23,AMAZON PRIME*9M6UL4WM3,Amazon,,False
11/17/2025,-0.99,Audible*B81560II0,Subscriptions/Streaming,,False
11/15/2025,-194.83,LOWES #01588*,Shopping/Merchandise,,False
11/15/2025,194.83,LOWES #01588*,Shopping/Merchandise,,False
11/13/2025,-12.39,RIVIAN CAFE,Dining/Restaurants,,False
11/15/2025,-1.99,GOOGLE *Google One,Subscriptions/Streaming,,False
11/10/2025,-20.25,HLU*HULUPLUS,Subscriptions/Streaming,,False
11/09/2025,-10.99,Peacock EFF1A Premium,Subscriptions/Streaming,,False
11/07/2025,-13.0,Disney Plus,Subscriptions/Streaming,,False
11/09/2025,-77.93,AMAZON MKTPL*BT50E23A2,Amazon,,False
11/06/2025,-14.26,Amazon.com*NK5VV12W2,Amazon,,False
11/03/2025,-29.99,STEAMGAMES.COM 4259522985,Entertainment,,False
11/02/2025,-49.32,AMAZON MKTPL*NK7VT9MQ1,Amazon,,False
10/31/2025,2715.83,Payment Thank You-Mobile,Automotive/Gas,,False
11/01/2025,-14.99,STEAMGAMES.COM 4259522985,Entertainment,,False
10/29/2025,-3.23,RIVIAN CAFE,Dining/Restaurants,,False
10/27/2025,-3.23,RIVIAN CAFE,Dining/Restaurants,,False
10/28/2025,-4.99,Prime Video Channels,Subscriptions/Streaming,,False
10/28/2025,-82.99,GOOGLE *YouTube TV,Subscriptions/Streaming,,False
10/26/2025,-22.99,GOOGLE *YouTubePremium,Subscriptions/Streaming,,False
10/26/2025,-15.16,AMAZON MKTPL*N42KG7V61,Amazon,,False
10/26/2025,-69.26,AMAZON MKTPL*NU2M52752,Amazon,,False
10/27/2025,-27.92,AMAZON MKTPL*NU5FW0W12,Amazon,,False
10/26/2025,-17.33,Amazon.com*N47F33MX0,Amazon,,False
10/25/2025,-80.23,TST*ODIES PIZZA CO,Dining/Restaurants,,False
10/25/2025,-7.99,GOOGLE *Crunchyroll,Subscriptions/Streaming,,False
10/26/2025,-25.28,AMAZON MKTPL*NU1A082I2,Amazon,,False
10/24/2025,-51.0,ALLSTAR SMOG OCEANSIDE IN,Automotive/Gas,,False
10/24/2025,-47.17,TST* PARLOR DOUGHNUTS- OC,Uncategorized,,False
10/23/2025,-11.15,RIVIAN CAFE,Dining/Restaurants,,False
10/21/2025,-26.65,Netflix.com,Subscriptions/Streaming,,False
10/21/2025,-970.0,KEIL ELECTRIC LLC (...,Uncategorized,,False
10/19/2025,-308.38,LOWES #01588*,Shopping/Merchandise,,False
10/18/2025,-30.76,PHO OCEAN GARDEN,Uncategorized,,False
10/19/2025,-20.99,GOOGLE *HBO Max Stream,Subscriptions/Streaming,,False
10/16/2025,-16.23,AMAZON PRIME*OD5JO4983,Amazon,,False
10/15/2025,-4.4,RIVIAN CAFE,Dining/Restaurants,,False
10/15/2025,-11.15,RIVIAN CAFE,Dining/Restaurants,,False
10/16/2025,-70.24,AMAZON MKTPL*NM0PW69Z0,Amazon,,False
10/15/2025,-1.99,GOOGLE *Google One,Subscriptions/Streaming,,False
10/13/2025,-3.23,RIVIAN CAFE,Dining/Restaurants,,False
10/14/2025,-79.99,PlayStation Network,Entertainment,,False
10/12/2025,-39.03,INGLOURIOUS BAGELS,Dining/Restaurants,,False
10/12/2025,-58.35,Nyx*877-494-3833 EVGO SER,Uncategorized,,False
10/09/2025,-13.47,RIVIAN CAFE,Dining/Restaurants,,False
10/09/2025,-3.23,RIVIAN CAFE,Dining/Restaurants,,False
10/10/2025,-20.25,HLU*HULUPLUS,Subscriptions/Streaming,,False
10/09/2025,-10.99,Peacock 54A25 Premium,Subscriptions/Streaming,,False
10/08/2025,-3.23,RIVIAN CAFE,Dining/Restaurants,,False
10/08/2025,-9.91,RIVIAN CAFE,Dining/Restaurants,,False
10/09/2025,674.36,AUTOMATIC PAYMENT - THANK,Uncategorized,,False
10/07/2025,-12.0,Disney Plus,Subscriptions/Streaming,,False
10/05/2025,-86.59,CIRCLE K,Uncategorized,,False
10/04/2025,-6.12,AMAZON MKTPL*NV6NR8RW0,Amazon,,False
10/03/2025,-11.15,RIVIAN CAFE,Dining/Restaurants,,False
10/04/2025,-13.34,AMAZON MKTPL*NV0DP6RH0,Amazon,,False
10/01/2025,-16.16,RIVIAN CAFE,Dining/Restaurants,,False
09/29/2025,-11.15,RIVIAN CAFE,Dining/Restaurants,,False
09/28/2025,-4.99,Prime Video Channels,Subscriptions/Streaming,,False
09/28/2025,-82.99,GOOGLE *YouTube TV,Subscriptions/Streaming,,False
09/26/2025,-22.99,GOOGLE *YouTubePremium,Subscriptions/Streaming,,False
09/25/2025,-7.99,GOOGLE *Crunchyroll,Subscriptions/Streaming,,False
09/21/2025,-26.65,NETFLIX.COM,Subscriptions/Streaming,,False
09/20/2025,-11.9,EXPRESS FUEL,Automotive/Gas,,False
09/19/2025,-40.25,SAPPCLUB.COM,Uncategorized,,False
09/19/2025,-13.47,RIVIAN CAFE,Dining/Restaurants,,False
09/19/2025,-20.99,GOOGLE *HBO Max Stream,Subscriptions/Streaming,,False
09/16/2025,-16.23,AMAZON PRIME*5U8BN1E43,Amazon,,False
09/15/2025,-12.39,RIVIAN CAFE,Dining/Restaurants,,False
09/15/2025,-54.11,AMAZON MKTPL*RR86M5723,Amazon,,False
09/15/2025,-1.99,GOOGLE *Google One,Subscriptions/Streaming,,False
09/13/2025,-69.99,STEAMGAMES.COM 4259522985,Entertainment,,False
09/10/2025,-20.25,HLU*HULUPLUS,Subscriptions/Streaming,,False
09/09/2025,-10.99,Peacock 842EE Premium,Subscriptions/Streaming,,False
09/09/2025,379.0,AUTOMATIC PAYMENT - THANK,Uncategorized,,False
09/07/2025,-12.0,Disney Plus,Subscriptions/Streaming,,False
09/06/2025,-164.11,VIOC GN0168,Uncategorized,,False
09/06/2025,-19.99,WL *Steam Purchase,Entertainment,,False
09/06/2025,-32.86,LOLA'S DELI,Uncategorized,,False
09/01/2025,-29.18,AMAZON MKTPL*K921V0983,Amazon,,False
JPMORGAN CHASE   CHASE ACH                  PPD ID: 1000008113,ACH_DEBIT,-2070.97,Uncategorized,,False
TRADER JOE S #022 OCEANSIDE CA               12/18,DEBIT_CARD,-34.52,Uncategorized,,False
SQ *VIGILANTE COFFEE Oceanside CA            12/18,DEBIT_CARD,-31.97,Uncategorized,,False
RIVIAN AUTOMOTIV PAYROLL                    PPD ID: 9111111101,ACH_CREDIT,3988.72,Uncategorized,,False
COSTCO GAS #0462 CARLSBAD CA         640655  12/17,DEBIT_CARD,-52.96,Uncategorized,,False
COX COMM SAN     PURCHASE                   PPD ID: 1581620078,ACH_DEBIT,-80.0,Uncategorized,,False
Online Transfer from CHK ...9583 transaction#: 27359969295,ACCT_XFER,200.0,Uncategorized,,False
TRADER JOE S #02 2570 OCEANSIDE CA   551644  12/16,DEBIT_CARD,-225.13,Uncategorized,,False
THE UPS STORE 5 760-7294691 CA               12/15,DEBIT_CARD,-37.13,Uncategorized,,False
Online Transfer from CHK ...9583 transaction#: 27347248961,ACCT_XFER,300.0,Uncategorized,,False
VONS #2142 CARLSBAD CA                       12/15,DEBIT_CARD,-8.58,Uncategorized,,False
EXPRESS FUEL OCEANSIDE CA                    12/15,DEBIT_CARD,-37.77,Uncategorized,,False
BARCLAYCARD US   CREDITCARD 1351403859      WEB ID: 2510407970,ACH_DEBIT,-471.13,Uncategorized,,False
ELAMS HALLMARK #15 OCEANSIDE CA              12/14,DEBIT_CARD,-43.27,Uncategorized,,False
BEST PIZZA & BREW - CAR SAN DIEGO CA         12/14,DEBIT_CARD,-34.28,Uncategorized,,False
KAHOOTS CARLSBAD - 17 CARLSBAD CA            12/13,DEBIT_CARD,-93.14,Uncategorized,,False
SQ *BOUND COFFEE COMPAN Oceanside CA         12/13,DEBIT_CARD,-21.57,Uncategorized,,False
EXPRESS FUEL OCEANSIDE CA                    12/11,DEBIT_CARD,-48.53,Uncategorized,,False
Online Transfer to CHK ...9583 transaction#: 27282116778 12/10,ACCT_XFER,-100.0,Uncategorized,,False
CHASE CREDIT CRD AUTOPAY                    PPD ID: 4760039224,ACH_DEBIT,-35.9,Uncategorized,,False
Zelle payment from PHYLLIS P LOWENTHAL 27278536429,QUICKPAY_CREDIT,400.0,Uncategorized,,False
Zelle payment from TARA L EVENSON 27278072436,QUICKPAY_CREDIT,400.0,Uncategorized,,False
NORTHWESTERN MU  ISA PYMENT                 PPD ID: 9000596067,ACH_DEBIT,-179.46,Uncategorized,,False
NORTHWESTERN MU  ISA PYMENT                 PPD ID: 9000596067,ACH_DEBIT,-188.22,Uncategorized,,False
SQ *REVOLUTION ROASTERS OCEANSIDE CA         12/08,DEBIT_CARD,-16.5,Uncategorized,,False
LOWES #01588* OCEANSIDE CA                   12/07,DEBIT_CARD,-65.43,Uncategorized,,False
TARGET        00003038 OCEANSIDE CA          12/07,DEBIT_CARD,-63.27,Uncategorized,,False
SQ *VIGILANTE COFFEE Oceanside CA            12/07,DEBIT_CARD,-20.0,Uncategorized,,False
ACTIVE N FIT  DIRECT 844-646-2746 CA         12/07,DEBIT_CARD,-28.0,Uncategorized,,False
88 RANCH MARKET OCEANSIDE CA                 12/06,DEBIT_CARD,-29.92,Uncategorized,,False
EARNEST MO       EARNST PMT 9390589289      WEB ID: L431261525,ACH_DEBIT,-344.58,Uncategorized,,False
Online Transfer to SAV ...3362 transaction#: 27216258525 12/05,ACCT_XFER,-400.0,Uncategorized,,False
JPMORGAN CHASE   CHASE ACH                  PPD ID: 1000008113,ACH_DEBIT,-2070.97,Uncategorized,,False
COSTCO GAS #0462 CARLSBAD CA                 12/04,DEBIT_CARD,-55.51,Uncategorized,,False
TRADER JOE S #025 ENCINITAS CA               12/04,DEBIT_CARD,-180.6,Uncategorized,,False
RIVIAN AUTOMOTIV PAYROLL                    PPD ID: 9111111101,ACH_CREDIT,3988.71,Uncategorized,,False
ATM WITHDRAWAL                       008930  12/042580 EL C,ATM,-5.0,Uncategorized,,False
ADVS ED SERV PPD STUDNTLOAN                 PPD ID: 9102001101,ACH_DEBIT,-218.68,Uncategorized,,False
kate spade 31848 CARLSBAD CA                 12/03,DEBIT_CARD,-113.93,Uncategorized,,False
CITI CARD ONLINE PAYMENT    431871166982562 WEB ID: CITICTP,ACH_DEBIT,-4000.0,Uncategorized,,False
MERCURY INS      PAYMENT                    PPD ID: AY52211612,ACH_DEBIT,-247.7,Uncategorized,,False
Quail Ridge Cond OnlinePay  951652          WEB ID: 1953849541,ACH_DEBIT,-421.0,Uncategorized,,False
Online Transfer from SAV ...3362 transaction#: 27181269601,ACCT_XFER,4000.0,Uncategorized,,False
Online Transfer to SAV ...3362 transaction#: 27161563270 12/01,ACCT_XFER,-500.0,Uncategorized,,False
TRADER JOE S #022 OCEANSIDE CA               11/30,DEBIT_CARD,-97.48,Uncategorized,,False
WORLD MARKET  #81 OCEANSIDE CA               11/29,DEBIT_CARD,-52.31,Uncategorized,,False
MARSHALLS #0203 SOLANA BEACH CA              11/28,DEBIT_CARD,-48.92,Uncategorized,,False
KAHOOTS CARLSBAD - 17 CARLSBAD CA            11/28,DEBIT_CARD,-141.4,Uncategorized,,False
SQ *VIGILANTE COFFEE Oceanside CA            11/28,DEBIT_CARD,-20.24,Uncategorized,,False
SUPER STAR CAR WASH MIS OCEANSIDE CA         11/27,DEBIT_CARD,-25.0,Uncategorized,,False
Online Transfer from CHK ...9583 transaction#: 27156172910,ACCT_XFER,1600.0,Uncategorized,,False
Online Transfer to CHK ...8171 transaction#: 27156172910 12/01,ACCT_XFER,-1600.0,Uncategorized,,False
SQ *VIGILANTE COFFEE Oceanside CA            11/29,DEBIT_CARD,-15.2,Uncategorized,,False
SQ *VIGILANTE COFFEE Oceanside CA            11/28,DEBIT_CARD,-13.37,Uncategorized,,False
SQ *BOUND COFFEE COMPAN Oceanside CA         11/28,DEBIT_CARD,-26.23,Uncategorized,,False
RESILIENT STRENG PAYROLL                    PPD ID: 1462800242,ACH_CREDIT,1791.84,Uncategorized,,False
INGLOURIOUS BAGELS CARLSBAD CA               11/26,DEBIT_CARD,-31.79,Uncategorized,,False
SQ *REVOLUTION ROASTERS OCEANSIDE CA         11/26,DEBIT_CARD,-24.5,Uncategorized,,False
RIVIAN CAFE IRVINE CA                        11/25,DEBIT_CARD,-2.69,Uncategorized,,False
SQ *STEADY STATE ROASTI CARLSBAD CA          11/22,DEBIT_CARD,-31.75,Uncategorized,,False
LOLA'S DELI CARLSBAD CA                      11/22,DEBIT_CARD,-51.66,Uncategorized,,False
GREEN CHEEK BEER CO - 442-2668171 CA         11/21,DEBIT_CARD,-51.25,Uncategorized,,False
Online Transfer from CHK ...8171 transaction#: 27056744751,ACCT_XFER,100.0,Uncategorized,,False
REAL TIME TRANSFER RECD FROM ABA/CONTR BNK-021000021  FROM: VENMO REF: 25112303331537538 INFO: TEXT-  IID: 20251122021000021P1BRJPC07980015046 RECD: 22:36:44 TRN: 1994412326GC BREF: c8d85773-a4fd-412c-8536-fe6cb4047c9,MISC_CREDIT,60.92,Uncategorized,,False
VENMO            PAYMENT    1046350921573   WEB ID: 3264681992,ACH_DEBIT,-50.0,Uncategorized,,False
SQ *DREAMWAVE COFFEE Carlsbad CA             11/20,DEBIT_CARD,-12.42,Uncategorized,,False
RIVIAN CAFE IRVINE CA                        11/20,DEBIT_CARD,-6.46,Uncategorized,,False
Online Transfer to SAV ...3362 transaction#: 27029318169 11/20,ACCT_XFER,-100.0,Uncategorized,,False
Online Transfer to CHK ...8171 transaction#: 27029317328 11/20,ACCT_XFER,-200.0,Uncategorized,,False
TST*OCEAN THAI CUISINE Oceanside CA          11/19,DEBIT_CARD,-42.29,Uncategorized,,False
RIVIAN CAFE IRVINE CA                        11/19,DEBIT_CARD,-1.62,Uncategorized,,False
REAL TIME TRANSFER RECD FROM ABA/CONTR BNK-021000021  FROM: VENMO REF: 25112017164702375 INFO: TEXT-  IID: 20251120021000021P1BRJPC09010013501 RECD: 12:48:36 TRN: 0980902324GC BREF: 0bfc4cfe-aeb1-4bf9-bcb2-b3f739c7fc6,MISC_CREDIT,21.62,Uncategorized,,False
REAL TIME TRANSFER RECD FROM ABA/CONTR BNK-021000021  FROM: SQUARE REF: T3ZC7YJK36M94ZD INFO: TEXT-  IID: 20251120021000021P1BRJPC07460008884 RECD: 12:36:34 TRN: 0922732324GB BREF: 6f72f257-f7b9-4e26-b38e-fc35a6cc2cc,MISC_CREDIT,303.73,Uncategorized,,False
RIVIAN CAFE IRVINE CA                        11/17,DEBIT_CARD,-11.15,Uncategorized,,False
INGLOURIOUS BAGELS CARLSBAD CA               11/16,DEBIT_CARD,-37.28,Uncategorized,,False
TST* THE GREAT GREEK - OCEANSIDE CA          11/14,DEBIT_CARD,-60.83,Uncategorized,,False
SQ *SAVORY FARMS Carlsbad CA                 11/14,DEBIT_CARD,-25.18,Uncategorized,,False
Online Transfer to CHK ...8171 transaction#: 26966594904 11/14,ACCT_XFER,-1000.0,Uncategorized,,False
Online Transfer to SAV ...3362 transaction#: 26966570397 11/14,ACCT_XFER,-500.0,Uncategorized,,False
RESILIENT STRENG PAYROLL                    PPD ID: 1462800242,ACH_CREDIT,1726.25,Uncategorized,,False
VENMO            PAYMENT    1046179582756   WEB ID: 3264681992,ACH_DEBIT,-35.0,Uncategorized,,False
Online Transfer to CHK ...8171 transaction#: 26931840958 11/12,ACCT_XFER,-550.0,Uncategorized,,False
RIVIAN CAFE IRVINE CA                        11/11,DEBIT_CARD,-11.15,Uncategorized,,False
TRADER JOE S #022 OCEANSIDE CA               11/10,DEBIT_CARD,-14.06,Uncategorized,,False
Square Inc       SQ251111                   PPD ID: 9424300002,ACH_CREDIT,649.52,Uncategorized,,False
NON-CHASE ATM FEE-WITH,FEE_TRANSACTION,-3.0,Uncategorized,,False
NON-CHASE ATM WITHDRAW               005505  11/063881 MISS,ATM,-102.0,Uncategorized,,False
LS CARLSBAD PET AND FE 760-9290168 CA        11/06,DEBIT_CARD,-21.54,Uncategorized,,False
SQ *HOUSE OF BAO Carlsbad CA                 11/05,DEBIT_CARD,-7.46,Uncategorized,,False
RIVIAN CAFE IRVINE CA                        11/05,DEBIT_CARD,-1.62,Uncategorized,,False
IN-N-OUT OCEANSIDE OCEANSIDE CA              11/04,DEBIT_CARD,-17.0,Uncategorized,,False
ATM WITHDRAWAL                       003692  11/032580 EL C,ATM,-20.0,Uncategorized,,False
VENMO            PAYMENT    1045928045656   WEB ID: 3264681992,ACH_DEBIT,-70.04,Uncategorized,,False
TST*WILDLAND Carlsbad CA                     11/02,DEBIT_CARD,-17.82,Uncategorized,,False
TST*ROBATA-X Oceanside CA                    11/01,DEBIT_CARD,-115.38,Uncategorized,,False
VENMO            PAYMENT    1045865731076   WEB ID: 3264681992,ACH_DEBIT,-15.0,Uncategorized,,False
Online Transfer to CHK ...8171 transaction#: 26778816794 10/31,ACCT_XFER,-600.0,Uncategorized,,False
Online Transfer to SAV ...3362 transaction#: 26778823766 10/31,ACCT_XFER,-1000.0,Uncategorized,,False
RESILIENT STRENG PAYROLL                    PPD ID: 1462800242,ACH_CREDIT,2061.15,Uncategorized,,False
LOLA'S DELI CARLSBAD CA                      10/25,DEBIT_CARD,-41.62,Uncategorized,,False
SQ *VIGILANTE COFFEE Oceanside CA            10/25,DEBIT_CARD,-21.11,Uncategorized,,False
USPS PO 0555670056 OCEANSIDE CA              10/24,DEBIT_CARD,-11.12,Uncategorized,,False
USPS PO 0555670056 OCEANSIDE CA              10/24,DEBIT_CARD,-0.78,Uncategorized,,False
SQ *PRAGER BROTHERS CAR Carlsbad CA          10/23,DEBIT_CARD,-14.66,Uncategorized,,False
SQ *VIGILANTE COFFEE Oceanside CA            10/20,DEBIT_CARD,-25.41,Uncategorized,,False
SQ *NICO?S FISH MARKET Carlsbad CA           10/17,DEBIT_CARD,-18.1,Uncategorized,,False
SQ *VIGILANTE COFFEE Oceanside CA            10/24,DEBIT_CARD,-5.87,Uncategorized,,False
TST*HOMESTATE - OCEANSI Oceanside CA         10/23,DEBIT_CARD,-31.76,Automotive/Gas,,False
JERSEY MIKES 20385 OCEANSIDE CA              10/21,DEBIT_CARD,-20.31,Uncategorized,,False
JERSEY MIKES 20385 OCEANSIDE CA              10/21,DEBIT_CARD,-16.11,Uncategorized,,False
Online Transfer to CHK ...8171 transaction#: 26675025634 10/22,ACCT_XFER,-600.0,Uncategorized,,False
VENMO            CASHOUT                    PPD ID: 5264681992,ACH_CREDIT,400.0,Uncategorized,,False
TST*CORNERS PIZZA OCEAN Oceanside CA         10/20,DEBIT_CARD,-45.45,Uncategorized,,False
VENMO            PAYMENT    1045636861774   WEB ID: 3264681992,ACH_DEBIT,-400.0,Uncategorized,,False
REAL TIME TRANSFER RECD FROM ABA/CONTR BNK-021000021  FROM: SQUARE REF: T3T5AH1MA4X696H INFO: TEXT-  IID: 20251020021000021P1BRJPC07870001219 RECD: 11:54:50 TRN: 0848762293GE BREF: ff318ab2-0938-4add-86f1-c70002fabbf,MISC_CREDIT,303.73,Uncategorized,,False
REAL TIME TRANSFER RECD FROM ABA/CONTR BNK-021000021  FROM: VENMO REF: 25102020467978543 INFO: TEXT-  IID: 20251020021000021P1BRJPC01180002677 RECD: 16:02:05 TRN: 1474542293GD BREF: f7627eda-494f-4f3f-900a-a84e09e8266,MISC_CREDIT,393.0,Uncategorized,,False
VENMO            PAYMENT    1045559683968   WEB ID: 3264681992,ACH_DEBIT,-35.0,Uncategorized,,False
CREAM OF THE CR OCEANSIDE CA                 10/16,DEBIT_CARD,-8.99,Uncategorized,,False
ATM WITHDRAWAL                       007365  10/162580 EL C,ATM,-10.0,Uncategorized,,False
Online Transfer to SAV ...3362 transaction#: 26605653729 10/16,ACCT_XFER,-800.0,Uncategorized,,False
Online Transfer to CHK ...8171 transaction#: 26605631531 10/16,ACCT_XFER,-800.0,Uncategorized,,False
SAMS KITCHEN CARLSBAD CA                     10/15,DEBIT_CARD,-17.78,Uncategorized,,False
RESILIENT STRENG PAYROLL                    PPD ID: 1462800242,ACH_CREDIT,1714.91,Uncategorized,,False
7-ELEVEN 17043 OCEANSIDE CA                  10/12,DEBIT_CARD,-5.41,Uncategorized,,False
Online Transfer to CHK ...8171 transaction#: 26562243004 10/14,ACCT_XFER,-100.0,Uncategorized,,False
INGLOURIOUS BAGELS CARLSBAD CA               10/11,DEBIT_CARD,-7.92,Uncategorized,,False
VISTA BEAN COFFEE OCEANSIDE CA               10/10,DEBIT_CARD,-5.5,Uncategorized,,False
REAL TIME TRANSFER RECD FROM ABA/CONTR BNK-021000021  FROM: SQUARE REF: T3A63XCWFR61XSV INFO: TEXT-  IID: 20251012021000021P1BRJPC03360075845 RECD: 10:18:58 TRN: 0040292285GE BREF: 919fada8-544f-4163-94fe-1f3fe6142bc,MISC_CREDIT,189.71,Uncategorized,,False
IN-N-OUT OCEANSIDE 2 OCEANSIDE CA            10/06,DEBIT_CARD,-16.29,Uncategorized,,False
VENMO            PAYMENT    1045295682926   WEB ID: 3264681992,ACH_DEBIT,-7.0,Uncategorized,,False
SP BROTHER BENNOS 176-04391244 CA            10/04,DEBIT_CARD,-8.66,Uncategorized,,False
SQ *VIGILANTE COFFEE Oceanside CA            10/04,DEBIT_CARD,-7.41,Uncategorized,,False
TST*OCEAN THAI CUISINE Oceanside CA          10/03,DEBIT_CARD,-37.13,Uncategorized,,False
RIVIAN CAFE IRVINE CA                        10/03,DEBIT_CARD,-2.69,Uncategorized,,False
ATM WITHDRAWAL                       009842  10/022663 GATE,ATM,-20.0,Uncategorized,,False
7-ELEVEN OCEANSIDE CA                        10/02,DEBIT_CARD,-9.25,Uncategorized,,False
TST*HOMESTATE - OCEANSI Oceanside CA         10/01,DEBIT_CARD,-36.47,Uncategorized,,False
SQ *REVOLUTION ROASTERS OCEANSIDE CA         10/01,DEBIT_CARD,-15.5,Uncategorized,,False
Online Transfer to SAV ...3362 transaction#: 26422675759 10/01,ACCT_XFER,-100.0,Uncategorized,,False
Online Transfer to SAV ...3362 transaction#: 26422653951 10/01,ACCT_XFER,-500.0,Uncategorized,,False
Online Transfer to CHK ...8171 transaction#: 26422630572 10/01,ACCT_XFER,-1000.0,Uncategorized,,False
RESILIENT STRENG PAYROLL                    PPD ID: 1462800242,ACH_CREDIT,1732.22,Uncategorized,,False
SQ *NEW WAVE BAGEL LLC Encinitas CA          09/28,DEBIT_CARD,-27.47,Uncategorized,,False
7-ELEVEN OCEANSIDE CA                        09/27,DEBIT_CARD,-13.59,Uncategorized,,False
LOWE'S #1588 OCEANSIDE CA            487448  09/27,DEBIT_CARD,-19.64,Uncategorized,,False
DALU HAWAIIAN BBQ OCEANSIDE CA               09/25,DEBIT_CARD,-37.78,Uncategorized,,False
Online Transfer from SAV ...3362 transaction#: 26388850187,ACCT_XFER,100.0,Uncategorized,,False
SQ *REVOLUTION ROASTERS OCEANSIDE CA         09/25,DEBIT_CARD,-7.5,Uncategorized,,False
RIVIAN CAFE IRVINE CA                        09/24,DEBIT_CARD,-17.23,Uncategorized,,False
RIVIAN CAFE IRVINE CA                        09/24,DEBIT_CARD,-1.76,Automotive/Gas,,False
SQ *VIGILANTE COFFEE Oceanside CA            09/23,DEBIT_CARD,-5.55,Uncategorized,,False
TST*ODIES PIZZA CO 760-579-2382 CA           09/23,DEBIT_CARD,-32.09,Uncategorized,,False
SQ *PRAGER BROTHERS CAR Carlsbad CA          09/22,DEBIT_CARD,-17.05,Uncategorized,,False
RIVIAN CAFE IRVINE CA                        09/22,DEBIT_CARD,-3.23,Uncategorized,,False
TST*HOMESTATE - OCEANSI Oceanside CA         09/21,DEBIT_CARD,-44.82,Uncategorized,,False
SQ *VIGILANTE COFFEE Oceanside CA            09/21,DEBIT_CARD,-22.65,Uncategorized,,False
TST*1022 CAFE & GELATER Oceanside CA         09/20,DEBIT_CARD,-6.77,Uncategorized,,False
DAIRY QUEEN #10130 OCEANSIDE CA              09/20,DEBIT_CARD,-6.48,Uncategorized,,False
SQ *VIGILANTE COFFEE Oceanside CA            09/20,DEBIT_CARD,-13.25,Uncategorized,,False
TST*PETITE MADELINE BAK Oceanside CA         09/20,DEBIT_CARD,-17.22,Uncategorized,,False
SQ *VIGILANTE COFFEE Oceanside CA            09/19,DEBIT_CARD,-10.96,Uncategorized,,False
SQ *NICO?S FISH MARKET Oceanside CA          09/19,DEBIT_CARD,-155.76,Automotive/Gas,,False
RIVIAN CAFE IRVINE CA                        09/19,DEBIT_CARD,-6.2,Uncategorized,,False
REAL TIME TRANSFER RECD FROM ABA/CONTR BNK-021000021  FROM: BNF-VENMO REF: 25092015160191922 INFO: TEXT-  IID: 20250920021000021P1BRJPC06080101478 RECD: 11:58:18 TRN: 0984022263GA BREF: 9179958c-fe62-4881-84c1-4ded972fc9c,MISC_CREDIT,67.8,Uncategorized,,False
VENMO            PAYMENT    1044961621415   WEB ID: 3264681992,ACH_DEBIT,-5.0,Uncategorized,,False
BAMBI'S FLOWERS CARLSBAD CA                  09/18,DEBIT_CARD,-10.78,Uncategorized,,False
LAZ PARKING M14580 SAN DIEGO CA              09/18,DEBIT_CARD,-3.0,Uncategorized,,False
TST* QUEENSTOWN BISTRO SAN DIEGO CA          09/18,DEBIT_CARD,-28.44,Uncategorized,,False
REAL TIME TRANSFER RECD FROM ABA/CONTR BNK-021000021  FROM: BNF-SQUARE REF: T37FK0948W6EECR INFO: TEXT-  IID: 20250919021000021P1BRJPC02480145731 RECD: 16:44:37 TRN: 1842962262GD BREF: b320c72a-b93b-410d-b829-4d25c8cad95,MISC_CREDIT,303.73,Uncategorized,,False
VENMO            PAYMENT    1044943087186   WEB ID: 3264681992,ACH_DEBIT,-35.0,Uncategorized,,False
7-ELEVEN CARLSBAD CA                         09/18,DEBIT_CARD,-3.29,Uncategorized,,False
SQ *BABA NATURAL FOODS Oceanside CA          09/17,DEBIT_CARD,-16.5,Uncategorized,,False
SQ *MADELINE FARMERS MA Oceanside CA         09/17,DEBIT_CARD,-10.5,Uncategorized,,False
VENMO            PAYMENT    1044922850287   WEB ID: 3264681992,ACH_DEBIT,-6.0,Uncategorized,,False
Online Transfer to SAV ...3362 transaction#: 26257121615 09/17,ACCT_XFER,-89.0,Uncategorized,,False
NON-CHASE ATM FEE-WITH,FEE_TRANSACTION,-3.0,Uncategorized,,False
NON-CHASE ATM WITHDRAW               001495  09/162216 SOUT,ATM,-21.99,Uncategorized,,False
Online Transfer to SAV ...3362 transaction#: 26243020195 09/16,ACCT_XFER,-100.0,Uncategorized,,False
Online Transfer to CHK ...8171 transaction#: 26243009142 09/16,ACCT_XFER,-1400.0,Uncategorized,,False
RIVIAN CAFE IRVINE CA                        09/15,DEBIT_CARD,-2.59,Uncategorized,,False
RESILIENT STRENG PAYROLL                    PPD ID: 1462800242,ACH_CREDIT,1648.71,Uncategorized,,False
SP COMETEER GLOUCESTER MA                    09/15,DEBIT_CARD,89.99,Uncategorized,,False
SP COMETEER COMETEER.COM MA                  09/14,DEBIT_CARD,-89.99,Uncategorized,,False
SP PIGMENT INC. 185-55016318 CA              09/13,DEBIT_CARD,-17.24,Uncategorized,,False
SQ *REVOLUTION ROASTERS OCEANSIDE CA         09/13,DEBIT_CARD,-8.0,Uncategorized,,False
SQ *VIGILANTE COFFEE Oceanside CA            09/13,DEBIT_CARD,-11.91,Uncategorized,,False
TST*ODIES PIZZA CO Oceanside CA              09/12,DEBIT_CARD,-38.49,Uncategorized,,False
Online Transfer from CHK ...8171 transaction#: 26219568149,ACCT_XFER,90.0,Uncategorized,,False
VENMO            PAYMENT    1044728105028   WEB ID: 3264681992,ACH_DEBIT,-50.0,Uncategorized,,False
Online Transfer to CHK ...8171 transaction#: 26150568508 09/08,ACCT_XFER,-500.0,Uncategorized,,False
SQ *VIGILANTE COFFEE Oceanside CA            09/06,DEBIT_CARD,-8.58,Uncategorized,,False
SQ *VIGILANTE COFFEE Oceanside CA            09/06,DEBIT_CARD,-13.04,Uncategorized,,False
RIVIAN CAFE IRVINE CA                        09/05,DEBIT_CARD,-11.15,Uncategorized,,False
RIVIAN CAFE IRVINE CA                        09/05,DEBIT_CARD,-5.28,Uncategorized,,False
REAL TIME TRANSFER RECD FROM ABA/CONTR BNK-021000021  FROM: BNF-SQUARE REF: T36GJ2XR1N0STZ4 INFO: TEXT-  IID: 20250908021000021P1BRJPC05920038408 RECD: 10:22:28 TRN: 1117512251GA BREF: 4d1e1e3d-48e3-45e4-a3db-bb9f8dec1a9,MISC_CREDIT,638.15,Uncategorized,,False
SP COMETEER COMETEER.COM MA                  09/04,DEBIT_CARD,-9.99,Uncategorized,,False
RIVIAN CAFE IRVINE CA                        09/03,DEBIT_CARD,-2.14,Uncategorized,,False
RIVIAN CAFE IRVINE CA                        09/03,DEBIT_CARD,-1.62,Uncategorized,,False
SQ *VIGILANTE COFFEE Oceanside CA            09/01,DEBIT_CARD,-29.96,Uncategorized,,False
SQ *TACOS 1975 OCEANSIDE CA                  08/31,DEBIT_CARD,-17.45,Uncategorized,,False
SQ *SMASH'D BURGERS OCEANSIDE CA             08/31,DEBIT_CARD,-46.55,Uncategorized,,False
Online Transfer to CHK ...8171 transaction#: 26054465129 09/02,ACCT_XFER,-300.0,Uncategorized,,False
SQ *REVOLUTION ROASTERS OCEANSIDE CA         08/31,DEBIT_CARD,-14.0,Uncategorized,,False
SQ *LANDMARK PLANT CO. Oceanside CA          08/30,DEBIT_CARD,-15.79,Uncategorized,,False
SQ *MOSTRA COFFEE San Diego CA               08/30,DEBIT_CARD,-19.68,Uncategorized,,False
PY *ESS-A-BAGEL NEWARK NJ                    08/30,DEBIT_CARD,-7.14,Uncategorized,,False
TST*TACO STAND OCEANS 760-385-6222 CA        08/30,DEBIT_CARD,-13.02,Uncategorized,,False
REAL TIME TRANSFER RECD FROM ABA/CONTR BNK-021000021  FROM: BNF-VENMO REF: 25090117325436865 INFO: TEXT-  IID: 20250901021000021P1BRJPC07200163788 RECD: 13:49:20 TRN: 0959532244GD BREF: 8d8718a5-d611-4b88-98bd-afd1070de02,MISC_CREDIT,24.57,Uncategorized,,False
Online Transfer to CHK ...8171 transaction#: 26028898246 08/29,ACCT_XFER,-600.0,Uncategorized,,False
OLLIES BARGAIN OUTLET TOMS RIVER NJ          08/29,DEBIT_CARD,-20.23,Uncategorized,,False
DUNKIN #339061 TOMS RIVER NJ                 08/28,DEBIT_CARD,-3.83,Uncategorized,,False
SQ *VIGILANTE COFFEE Oceanside CA            08/28,DEBIT_CARD,-6.41,Uncategorized,,False
RESILIENT STRENG PAYROLL                    PPD ID: 1462800242,ACH_CREDIT,1070.29,Uncategorized,,False
TST*ALFA BAGELS Randolph NJ                  08/27,DEBIT_CARD,-27.14,Uncategorized,,False
STARBUCKS T2 WEST SAN SAN DIEGO CA           08/27,DEBIT_CARD,-3.99,Uncategorized,,False
HUDSON/TECH ST 1514 SAN DIEGO CA             08/26,DEBIT_CARD,-8.29,Uncategorized,,False
TST*ODIES PIZZA CO Oceanside CA              08/25,DEBIT_CARD,-42.56,Uncategorized,,False
RIVIAN CAFE IRVINE CA                        08/25,DEBIT_CARD,-6.73,Uncategorized,,False
RIVIAN CAFE IRVINE CA                        08/25,DEBIT_CARD,-2.69,Uncategorized,,False
SQ *VIGILANTE COFFEE Oceanside CA            08/24,DEBIT_CARD,-15.59,Uncategorized,,False
SQ *STEADY STATE ROASTI CARLSBAD CA          08/24,DEBIT_CARD,-10.75,Uncategorized,,False
Nyx*8336322778 ELECTRI HUNT VALLEY MD        08/23,DEBIT_CARD,-31.16,Uncategorized,,False
SQ *VIGILANTE COFFEE Oceanside CA            08/23,DEBIT_CARD,-13.25,Uncategorized,,False
Online Transfer to CHK ...8171 transaction#: 25955304676 08/25,ACCT_XFER,-250.0,Uncategorized,,False
THE HENRY 7508 UPNGO CARLSBAD CA             08/22,DEBIT_CARD,-50.73,Uncategorized,,False
SUPER STAR CAR WASH MIS OCEANSIDE CA         08/22,DEBIT_CARD,-25.0,Uncategorized,,False
REAL TIME TRANSFER RECD FROM ABA/CONTR BNK-021000021  FROM: BNF-VENMO REF: 25082514631668840 INFO: TEXT-  IID: 20250825021000021P1BRJPC05360033338 RECD: 10:11:23 TRN: 0703762237GE BREF: a3c5764c-277b-4564-a1fa-4d857458ec3,MISC_CREDIT,49.13,Uncategorized,,False
Square Inc       SQ250822                   PPD ID: 9424300002,ACH_CREDIT,309.14,Uncategorized,,False
Online Transfer to CHK ...8171 transaction#: 25933902116 08/21,ACCT_XFER,-200.0,Uncategorized,,False
VENMO            PAYMENT    1044323559298   WEB ID: 3264681992,ACH_DEBIT,-50.0,Uncategorized,,False
SQ *VIGILANTE COFFEE Oceanside CA            08/21,DEBIT_CARD,-16.29,Uncategorized,,False
7-ELEVEN IRVINE CA                           08/20,DEBIT_CARD,-3.59,Uncategorized,,False
TST*HANGAR 24 BREWERY O Irvine CA            08/20,DEBIT_CARD,-32.32,Uncategorized,,False
VENMO            CASHOUT                    PPD ID: 5264681992,ACH_CREDIT,400.0,Uncategorized,,False
TST*DOCENT BREWING CARL Carlsbad CA          08/17,DEBIT_CARD,-39.65,Uncategorized,,False
VALERIES TACO SHOP OCEANSIDE CA              08/16,DEBIT_CARD,-40.58,Uncategorized,,False
SQ *REVOLUTION ROASTERS OCEANSIDE CA         08/16,DEBIT_CARD,-13.0,Uncategorized,,False
TST*ROSE CAFE Oceanside CA                   08/16,DEBIT_CARD,-42.02,Uncategorized,,False
TST* EUREKA RESTAURANT CARLSBAD CA           08/16,DEBIT_CARD,-82.39,Uncategorized,,False
SQ *PRAGER BROTHERS CAR Carlsbad CA          08/15,DEBIT_CARD,-11.5,Uncategorized,,False
HEIGHTS MARKET SAN DIEGO CA                  08/14,DEBIT_CARD,-24.27,Uncategorized,,False
TRADER JOE S #22 2629 CARLSBAD CA    429503  08/15,DEBIT_CARD,-12.91,Uncategorized,,False
Online Transfer to CHK ...8171 transaction#: 25857211562 08/15,ACCT_XFER,-1000.0,Uncategorized,,False
STARBUCKS STORE 13640 SAN DIEGO CA           08/14,DEBIT_CARD,-8.25,Uncategorized,,False
RESILIENT STRENG PAYROLL                    PPD ID: 1462800242,ACH_CREDIT,1305.5,Uncategorized,,False
SQ *VIGILANTE COFFEE Oceanside CA            08/14,DEBIT_CARD,-13.64,Uncategorized,,False
TST*OCEAN THAI CUISINE Oceanside CA          08/13,DEBIT_CARD,-34.6,Uncategorized,,False
RIVIAN CAFE IRVINE CA                        08/13,DEBIT_CARD,-1.62,Uncategorized,,False
RIVIAN CAFE IRVINE CA                        08/13,DEBIT_CARD,-6.2,Uncategorized,,False
SQ *LOFTY COFFEE CARLSBAD CA                 08/10,DEBIT_CARD,-14.25,Uncategorized,,False
TST*DOCENT BREWING CARL Carlsbad CA          08/09,DEBIT_CARD,-17.98,Uncategorized,,False
ZG * RENTAPPLICATION 206-516-2265 WA         08/09,DEBIT_CARD,-35.0,Uncategorized,,False
ZG * RENTAPPLICATION 206-516-2265 WA         08/09,DEBIT_CARD,-35.0,Uncategorized,,False
SQ *SOUTH O BREWING COM Oceanside CA         08/08,DEBIT_CARD,-19.24,Uncategorized,,False
SQ *NICO?S FISH MARKET Carlsbad CA           08/08,DEBIT_CARD,-47.84,Uncategorized,,False
RIVIAN CAFE IRVINE CA                        08/08,DEBIT_CARD,-11.15,Uncategorized,,False
RIVIAN CAFE IRVINE CA                        08/08,DEBIT_CARD,-4.85,Uncategorized,,False
Online Transfer from SAV ...3362 transaction#: 25798471690,ACCT_XFER,100.0,Uncategorized,,False
REAL TIME TRANSFER RECD FROM ABA/CONTR BNK-021000021  FROM: BNF-VENMO REF: 25081020462780276 INFO: TEXT-  IID: 20250810021000021P1BRJPC03280035383 RECD: 16:14:02 TRN: 0921442222GA BREF: 8fd2eabe-1528-4d45-9e14-14866fa5ae0,MISC_CREDIT,73.69,Uncategorized,,False
SQ *PRAGER BROTHERS CAR Carlsbad CA          08/08,DEBIT_CARD,-13.22,Uncategorized,,False
SALUD SOCIETY WWW.SALUDSOCI CA               08/07,DEBIT_CARD,-19.0,Uncategorized,,False
RIVIAN CAFE IRVINE CA                        08/06,DEBIT_CARD,-12.39,Uncategorized,,False
RIVIAN CAFE IRVINE CA                        08/06,DEBIT_CARD,-4.04,Uncategorized,,False
SP THRIVECAUSEMETICS THRIVECAUSEME WA        08/05,DEBIT_CARD,-34.1,Uncategorized,,False
TST*UPPERCRUST PIZZA - Oceanside CA          08/03,DEBIT_CARD,-32.02,Uncategorized,,False
SQ *VIGILANTE COFFEE Oceanside CA            08/03,DEBIT_CARD,-13.25,Uncategorized,,False
SQ *VIGILANTE COFFEE Oceanside CA            08/02,DEBIT_CARD,-19.3,Uncategorized,,False
RIVIAN CAFE IRVINE CA                        08/01,DEBIT_CARD,-4.04,Uncategorized,,False
RIVIAN CAFE IRVINE CA                        08/01,DEBIT_CARD,-3.5,Uncategorized,,False
VENMO            CASHOUT                    PPD ID: 5264681992,ACH_CREDIT,15.0,Uncategorized,,False
Online Transfer to CHK ...8171 transaction#: 25690847416 08/01,ACCT_XFER,-1300.0,Uncategorized,,False
RESILIENT STRENG PAYROLL                    PPD ID: 1462800242,ACH_CREDIT,1477.42,Uncategorized,,False
Online Transfer to CHK ...8171 transaction#: 25653681549 07/29,ACCT_XFER,-450.0,Uncategorized,,False
SQ *PRAGER BROTHERS CAR Carlsbad CA          07/29,DEBIT_CARD,-10.78,Uncategorized,,False
RIVIAN CAFE IRVINE CA                        07/28,DEBIT_CARD,-5.39,Uncategorized,,False
VENMO            CASHOUT                    PPD ID: 5264681992,ACH_CREDIT,480.0,Uncategorized,,False
SQ *VIGILANTE COFFEE Oceanside CA            07/26,DEBIT_CARD,-24.0,Uncategorized,,False
RIVIAN CAFE IRVINE CA                        07/25,DEBIT_CARD,-9.91,Uncategorized,,False
RIVIAN CAFE IRVINE CA                        07/25,DEBIT_CARD,-2.8,Uncategorized,,False
Online Transfer from CHK ...8171 transaction#: 25619972530,ACCT_XFER,100.0,Uncategorized,,False
STARBUCKS STORE 21739 CARLSBAD CA            07/24,DEBIT_CARD,-13.5,Uncategorized,,False
VENMO            PAYMENT    1043729583912   WEB ID: 3264681992,ACH_DEBIT,-30.0,Uncategorized,,False
RIVIAN CAFE IRVINE CA                        07/23,DEBIT_CARD,-12.39,Uncategorized,,False
RIVIAN CAFE IRVINE CA                        07/23,DEBIT_CARD,-1.76,Automotive/Gas,,False
SQ *PRAGER BROTHERS CAR Carlsbad CA          07/22,DEBIT_CARD,-16.68,Uncategorized,,False
CANONICA PRI LLC NEWARK NJ                   07/22,DEBIT_CARD,-12.94,Uncategorized,,False
FIREHOUSE SUBS B22 FOO NEWARK NJ             07/21,DEBIT_CARD,-17.55,Uncategorized,,False
FIREHOUSE SUBS B22 FOO NEWARK NJ             07/21,DEBIT_CARD,-82.61,Uncategorized,,False
STARBUCKS STORE 10406 TREVOSE PA             07/21,DEBIT_CARD,-5.72,Uncategorized,,False
VENMO            PAYMENT    1043639474645   WEB ID: 3264681992,ACH_DEBIT,-150.0,Uncategorized,,False
WAWA 253 CONSHOHOCKEN PA                     07/20,DEBIT_CARD,-16.67,Uncategorized,,False
TST* SPREAD BAGELRY NEWTOWN SQUAR PA         07/21,DEBIT_CARD,-20.47,Uncategorized,,False
TARGET T- 1200 BALTIMO SPRINGFIELD PA        07/19,DEBIT_CARD,-10.6,Uncategorized,,False
DAIRY QUEEN #15538 MANCHESTER TW NJ          07/18,DEBIT_CARD,-9.15,Uncategorized,,False
JOECOFFEE-THE CAFFEIN 120-65313212 WA        07/18,DEBIT_CARD,-24.01,Uncategorized,,False
CAROUSEL CANDIES PT PLEASANT B NJ            07/17,DEBIT_CARD,-7.36,Uncategorized,,False
TST*LITTLE MACS Point Pleasan NJ             07/17,DEBIT_CARD,-32.79,Uncategorized,,False
DUNKIN #363849 NEWARK NJ                     07/17,DEBIT_CARD,-14.71,Uncategorized,,False
SAN PEETS COFFEE T2W 23 SAN DIEGO CA         07/16,DEBIT_CARD,-10.23,Uncategorized,,False
TST*OCEAN THAI CUISINE Oceanside CA          07/16,DEBIT_CARD,-43.93,Uncategorized,,False
SQ *REVOLUTION ROASTERS OCEANSIDE CA         07/16,DEBIT_CARD,-17.0,Uncategorized,,False
UNITED      01643139384 UNITED.COM TX        07/16,DEBIT_CARD,-40.0,Uncategorized,,False
VENMO            CASHOUT                    PPD ID: 5264681992,ACH_CREDIT,58.0,Uncategorized,,False
Online Transfer to SAV ...3362 transaction#: 25501362325 07/16,ACCT_XFER,-100.0,Uncategorized,,False
Online Transfer to CHK ...8171 transaction#: 25501343420 07/16,ACCT_XFER,-1500.0,Uncategorized,,False
TST*HOMESTATE - OCEANSI Oceanside CA         07/15,DEBIT_CARD,-40.67,Uncategorized,,False
RIVIAN CAFE IRVINE CA                        07/15,DEBIT_CARD,-3.23,Uncategorized,,False
RIVIAN CAFE IRVINE CA                        07/15,DEBIT_CARD,-11.15,Uncategorized,,False
RIVIAN CAFE IRVINE CA                        07/15,DEBIT_CARD,-2.8,Uncategorized,,False
RESILIENT STRENG PAYROLL                    PPD ID: 1462800242,ACH_CREDIT,1898.65,Uncategorized,,False
VENMO            PAYMENT    1043546181268   WEB ID: 3264681992,ACH_DEBIT,-40.0,Uncategorized,,False
SQ *BLUE BOWL SUPERFOOD Oceanside CA         07/14,DEBIT_CARD,-41.0,Uncategorized,,False
Online Transfer to CHK ...8171 transaction#: 25477078347 07/14,ACCT_XFER,-400.0,Uncategorized,,False
SQ *REVOLUTION ROASTERS OCEANSIDE CA         07/12,DEBIT_CARD,-8.5,Uncategorized,,False
RALPHS #0054 OCEANSIDE CA                    07/11,DEBIT_CARD,-5.99,Uncategorized,,False
RIVIAN CAFE IRVINE CA                        07/11,DEBIT_CARD,-2.8,Uncategorized,,False
Square Inc       SQ250714                   PPD ID: 9424300002,ACH_CREDIT,649.52,Uncategorized,,False
TST*BESHOCK RAMEN & SAK Carlsbad CA          07/10,DEBIT_CARD,-52.38,Uncategorized,,False
SQ *THE BUCCANEER CAFE Oceanside CA          07/10,DEBIT_CARD,-18.33,Uncategorized,,False
SQ *VIGILANTE COFFEE Oceanside CA            07/10,DEBIT_CARD,-13.64,Uncategorized,,False
RIVIAN CAFE IRVINE CA                        07/09,DEBIT_CARD,-1.76,Automotive/Gas,,False
VENMO            PAYMENT    1043397113860   WEB ID: 3264681992,ACH_DEBIT,-15.0,Uncategorized,,False
IN-N-OUT ENCINITAS ENCINITAS CA              07/07,DEBIT_CARD,-16.22,Uncategorized,,False
RIVIAN CAFE IRVINE CA                        07/07,DEBIT_CARD,-3.5,Uncategorized,,False
SQ *BLUE BOWL SUPERFOOD Oceanside CA         07/05,DEBIT_CARD,-11.0,Uncategorized,,False
TST*HOMESTATE - OCEANSI Oceanside CA         07/05,DEBIT_CARD,-40.06,Uncategorized,,False
7-ELEVEN OCEANSIDE CA                        07/05,DEBIT_CARD,-5.25,Uncategorized,,False
SQ *KUMAYA_YAKISOBA Oceanside CA             07/03,DEBIT_CARD,-21.0,Uncategorized,,False
SQ *RAFIKIZ FOODZ San Diego CA               07/03,DEBIT_CARD,-17.82,Uncategorized,,False
SQ *HONG KONG CUISINE San Diego CA           07/03,DEBIT_CARD,-31.03,Uncategorized,,False
RIVIAN CAFE IRVINE CA                        07/02,DEBIT_CARD,-12.39,Uncategorized,,False
RIVIAN CAFE IRVINE CA                        07/02,DEBIT_CARD,-1.62,Uncategorized,,False
SQ *VIGILANTE COFFEE Oceanside CA            07/03,DEBIT_CARD,-4.9,Uncategorized,,False
SQ *VIGILANTE COFFEE Oceanside CA            07/03,DEBIT_CARD,-17.53,Uncategorized,,False
TST*HANGAR 24 BREWERY O Irvine CA            07/01,DEBIT_CARD,-33.06,Uncategorized,,False
RIVIAN CAFE IRVINE CA                        07/01,DEBIT_CARD,-3.23,Uncategorized,,False
RIVIAN CAFE IRVINE CA                        07/01,DEBIT_CARD,-17.24,Uncategorized,,False
SQ *STEADY STATE ROASTI CARLSBAD CA          07/01,DEBIT_CARD,-25.01,Uncategorized,,False
Online Transfer to SAV ...3362 transaction#: 25321661478 07/01,ACCT_XFER,-1000.0,Uncategorized,,False
Online Transfer to CHK ...8171 transaction#: 25321693378 07/01,ACCT_XFER,-1000.0,Uncategorized,,False
RIVIAN CAFE IRVINE CA                        06/30,DEBIT_CARD,-5.39,Uncategorized,,False
RESILIENT STRENG PAYROLL                    PPD ID: 1462800242,ACH_CREDIT,1875.35,Uncategorized,,False
SQ *REVOLUTION ROASTERS OCEANSIDE CA         06/29,DEBIT_CARD,-8.5,Uncategorized,,False
SQ *VIGILANTE COFFEE Oceanside CA            06/29,DEBIT_CARD,-37.91,Uncategorized,,False
SQ *BLUE BOWL SUPERFOOD Oceanside CA         06/28,DEBIT_CARD,-23.0,Uncategorized,,False
SQ *BLUE BOWL SUPERFOOD Oceanside CA         06/27,DEBIT_CARD,-11.0,Uncategorized,,False
Square Inc       SQ250630                   PPD ID: 9424300002,ACH_CREDIT,309.14,Uncategorized,,False
TST*HOMESTATE - OCEANSI Oceanside CA         06/26,DEBIT_CARD,-52.04,Uncategorized,,False
HEIGHTS MARKET SAN DIEGO CA                  06/25,DEBIT_CARD,-38.23,Uncategorized,,False
HEIGHTS MARKET SAN DIEGO CA                  06/25,DEBIT_CARD,-6.22,Uncategorized,,False
RIVIAN CAFE IRVINE CA                        06/24,DEBIT_CARD,-11.15,Uncategorized,,False
SQ *CAFFE_IN COFFEE ROA Tustin CA            06/24,DEBIT_CARD,-5.75,Uncategorized,,False
SQ *PRAGER BROTHERS PIZ Carlsbad CA          06/23,DEBIT_CARD,-20.0,Uncategorized,,False
REAL TIME TRANSFER RECD FROM ABA/CONTR BNK-021000021  FROM: BNF-VENMO REF: 25062418459324809 INFO: TEXT-  IID: 20250624021000021P1BRJPC08240164817 RECD: 14:18:28 TRN: 1013812175GC BREF: 1e77bedf-968f-420b-aee0-fd1f12cd45e,MISC_CREDIT,393.0,Uncategorized,,False
VENMO            PAYMENT    1043040306033   WEB ID: 3264681992,ACH_DEBIT,-30.0,Uncategorized,,False
HIGH TIDE COFFEE OSID 178-15833699 CA        06/22,DEBIT_CARD,-26.28,Uncategorized,,False
SQ *VIGILANTE COFFEE Oceanside CA            06/22,DEBIT_CARD,-13.37,Uncategorized,,False
SQ *VIGILANTE COFFEE Oceanside CA            06/21,DEBIT_CARD,-7.95,Uncategorized,,False
SQ *REVOLUTION ROASTERS Carlsbad CA          06/20,DEBIT_CARD,-20.4,Uncategorized,,False
SAPPCLUB.COM 888-418-8805 CA                 06/20,DEBIT_CARD,-42.84,Uncategorized,,False
SQ *REVOLUTION ROASTERS OCEANSIDE CA         06/19,DEBIT_CARD,-22.5,Uncategorized,,False
TST* DIRTY DOUGH - OCEA OCEANSIDE CA         06/19,DEBIT_CARD,-23.07,Uncategorized,,False
SURFIN CHICKEN SAN CLEMENTE CA               06/17,DEBIT_CARD,-28.1,Uncategorized,,False
Online Transfer to CHK ...8171 transaction#: 25160211756 06/17,ACCT_XFER,-200.0,Uncategorized,,False
SQ *REVOLUTION ROASTERS OCEANSIDE CA         06/15,DEBIT_CARD,-8.5,Uncategorized,,False
Online Transfer to SAV ...3362 transaction#: 25130042429 06/16,ACCT_XFER,-1000.0,Uncategorized,,False
VENMO            CASHOUT                    PPD ID: 5264681992,ACH_CREDIT,30.0,Uncategorized,,False
VENMO            CASHOUT                    PPD ID: 5264681992,ACH_CREDIT,34.0,Uncategorized,,False
RESILIENT STRENG PAYROLL                    PPD ID: 1462800242,ACH_CREDIT,1514.26,Uncategorized,,False
VENMO            CASHOUT                    PPD ID: 5264681992,ACH_CREDIT,21.0,Uncategorized,,False
SQ *REVOLUTION ROASTERS OCEANSIDE CA         06/08,DEBIT_CARD,-32.5,Uncategorized,,False
SQ *VIGILANTE COFFEE Oceanside CA            06/06,DEBIT_CARD,-50.56,Uncategorized,,False
VENMO            PAYMENT    1042706558972   WEB ID: 3264681992,ACH_DEBIT,-100.0,Uncategorized,,False
SAPPCLUB.COM 888-418-8805 CA                 06/05,DEBIT_CARD,-47.61,Uncategorized,,False
SQ *REVOLUTION ROASTERS OCEANSIDE CA         06/03,DEBIT_CARD,-14.5,Uncategorized,,False
SQ *REVOLUTION ROASTERS OCEANSIDE CA         06/01,DEBIT_CARD,-7.5,Uncategorized,,False
SQ *VIGILANTE COFFEE Oceanside CA            05/31,DEBIT_CARD,-27.28,Uncategorized,,False
11/18/2025,-287.24,COSTCO WHSE #0124 VISTA CA,Groceries,,False
11/17/2025,-56.69,"ETSY, INC. BROOKLYN NY",Shopping/Merchandise,,False
11/14/2025,351.66,"ONLINE PAYMENT, THANK YOU",Uncategorized,,False
11/11/2025,-52.94,SP BAKED BY MELISSA BAKEDBYMELISSNY,Uncategorized,,False
11/11/2025,-14.39,AMAZON MKTPL*BT65K0HI2 Amzn.com/billWA,Amazon,,False
11/11/2025,-116.89,AMAZON MKTPL*BT0CF0HU2 Amzn.com/billWA,Amazon,,False
11/10/2025,-16.23,AMAZON PRIME*VV7MJ1P83 Amzn.com/billWA,Amazon,,False
11/9/2025,-50.65,AMAZON MKTPL*BT9DJ3EB2 Amzn.com/billWA,Amazon,,False
11/5/2025,-35.95,SUPER STAR CAR WASH MISS 623-536-5956 CA,Automotive/Gas,,False
11/1/2025,2091.71,"ONLINE PAYMENT, THANK YOU",Uncategorized,,False
10/31/2025,102.88,"ONLINE PAYMENT, THANK YOU",Uncategorized,,False
10/30/2025,-3.49,TRADER JOE S #022 OCEANSIDE CA,Groceries,,False
10/30/2025,-61.12,TRADER JOE S #022 OCEANSIDE CA,Groceries,,False
10/30/2025,-57.36,WF* WAYFAIR4355523506 WAYFAIR.COM MA,Uncategorized,,False
10/30/2025,-60.34,EXPRESS FUEL OCEANSIDE CA,Automotive/Gas,,False
10/28/2025,-18.39,AMAZON MKTPL*N47TH9D11 Amzn.com/billWA,Amazon,,False
10/26/2025,-10.0,GOODWILL INDUSTRIES #18 OCEANSIDE CA,Uncategorized,,False
10/26/2025,-296.69,COSTCO WHSE #0462 CARLSBAD CA,Groceries,,False
10/25/2025,-552.23,COSTCO WHSE #0124 VISTA CA,Groceries,,False
10/20/2025,-606.19,WF* WAYFAIR3366442692 WAYFAIR.COM MA,Uncategorized,,False
10/19/2025,-422.3,COSTCO WHSE #0462 CARLSBAD CA,Groceries,,False
10/18/2025,-68.21,TST*WILDLAND Carlsbad CA,Uncategorized,,False
